325	0.1755
326	0.17615
327	0.1768
328	0.17744
329	0.17809
330	0.17868
331	0.179
332	0.17932
333	0.17965
334	0.17997
335	0.18029
336	0.18062
337	0.18094
338	0.18108
339	0.18108
340	0.18108
341	0.18108
342	0.18108
343	0.18108
344	0.18108
345	0.18108
346	0.18078
347	0.18046
348	0.18013
349	0.17981
350	0.17949
351	0.17916
352	0.17884
353	0.17841
354	0.17777
355	0.17712
356	0.17648
357	0.17583
358	0.17518
359	0.17454
360	0.17389
361	0.17347
362	0.17315
363	0.17283
364	0.1725
365	0.17218
366	0.17186
367	0.17154
368	0.17124
369	0.17124
370	0.17124
371	0.17124
372	0.17124
373	0.17124
374	0.17124
375	0.17124
376	0.17162
377	0.17243
378	0.17323
379	0.17404
380	0.17485
381	0.17566
382	0.17646
383	0.17727
384	0.17822
385	0.17918
386	0.18015
387	0.18112
388	0.18209
389	0.18306
390	0.18403
391	0.18496
392	0.18577
393	0.18658
394	0.18738
395	0.18819
396	0.189
397	0.18981
398	0.19061
399	0.19142
400	0.19223
401	0.19304
402	0.19384
403	0.19465
404	0.19546
405	0.19627
406	0.19707
407	0.19788
408	0.19869
409	0.1995
410	0.20031
411	0.20111
412	0.20192
413	0.20273
414	0.2036
415	0.20457
416	0.20553
417	0.2065
418	0.20747
419	0.20844
420	0.20941
421	0.21038
422	0.21135
423	0.21232
424	0.21329
425	0.21426
426	0.21523
427	0.21619
428	0.21716
429	0.21813
430	0.2191
431	0.22007
432	0.22104
433	0.22201
434	0.22298
435	0.22395
436	0.22492
437	0.2258
438	0.22661
439	0.22742
440	0.22822
441	0.22903
442	0.22984
443	0.23065
444	0.23145
445	0.23241
446	0.23338
447	0.23435
448	0.23531
449	0.23628
450	0.23725
451	0.23822
452	0.23919
453	0.24016
454	0.24113
455	0.2421
456	0.24307
457	0.24404
458	0.24501
459	0.24597
460	0.24694
461	0.24791
462	0.24888
463	0.24985
464	0.25082
465	0.25179
466	0.25276
467	0.25373
468	0.2547
469	0.25567
470	0.25663
471	0.2576
472	0.25857
473	0.25954
474	0.26051
475	0.26148
476	0.26245
477	0.26342
478	0.26439
479	0.26536
480	0.26633
481	0.26729
482	0.26826
483	0.26937
484	0.2705
485	0.27163
486	0.27276
487	0.27389
488	0.27502
489	0.27615
490	0.27725
491	0.27822
492	0.27918
493	0.28015
494	0.28112
495	0.28209
496	0.28306
497	0.28403
498	0.285
499	0.28597
500	0.28694
501	0.28791
502	0.28888
503	0.28984
504	0.29081
505	0.29178
506	0.29275
507	0.29372
508	0.29469
509	0.29566
510	0.29663
511	0.2976
512	0.29857
513	0.29959
514	0.30072
515	0.30185
516	0.30298
517	0.30411
518	0.30524
519	0.30638
520	0.30751
521	0.30864
522	0.30977
523	0.3109
524	0.31203
525	0.31316
526	0.31429
527	0.31542
528	0.31655
529	0.31768
530	0.31881
531	0.31994
532	0.32107
533	0.3222
534	0.32333
535	0.32446
536	0.3256
537	0.32673
538	0.32786
539	0.32899
540	0.33012
541	0.33125
542	0.33238
543	0.33351
544	0.33464
545	0.33577
546	0.3369
547	0.33803
548	0.33916
549	0.34029
550	0.34142
551	0.34255
552	0.34368
553	0.34482
554	0.34595
555	0.34708
556	0.34821
557	0.34934
558	0.35047
559	0.3516
560	0.35273
561	0.35386
562	0.35499
563	0.35612
564	0.35725
565	0.35838
566	0.35951
567	0.36064
568	0.36177
569	0.3629
570	0.36404
571	0.36517
572	0.3663
573	0.36743
574	0.36856
575	0.36969
576	0.37082
577	0.37195
578	0.37308
579	0.37421
580	0.37534
581	0.37647
582	0.3776
583	0.37873
584	0.37986
585	0.38099
586	0.38212
587	0.38326
588	0.38439
589	0.38552
590	0.38665
591	0.38778
592	0.38891
593	0.39004
594	0.39117
595	0.3923
596	0.39343
597	0.39456
598	0.39569
599	0.39682
600	0.39795
601	0.39908
602	0.40021
603	0.40134
604	0.40248
605	0.40376
606	0.40505
607	0.40634
608	0.40763
609	0.40893
610	0.41022
611	0.41151
612	0.41275
613	0.41388
614	0.41501
615	0.41614
616	0.41727
617	0.4184
618	0.41953
619	0.42066
620	0.42191
621	0.4232
622	0.42449
623	0.42579
624	0.42708
625	0.42837
626	0.42966
627	0.43094
628	0.43207
629	0.4332
630	0.43433
631	0.43546
632	0.43659
633	0.43772
634	0.43885
635	0.43998
636	0.44111
637	0.44225
638	0.44338
639	0.44451
640	0.44564
641	0.44677
642	0.4479
643	0.44903
644	0.45016
645	0.45129
646	0.45242
647	0.45355
648	0.45468
649	0.45581
650	0.45691
651	0.45787
652	0.45884
653	0.45981
654	0.46078
655	0.46175
656	0.46272
657	0.46369
658	0.46466
659	0.46563
660	0.4666
661	0.46757
662	0.46853
663	0.4695
664	0.47047
665	0.47144
666	0.47241
667	0.47338
668	0.47435
669	0.47532
670	0.47629
671	0.47726
672	0.47822
673	0.47926
674	0.48039
675	0.48152
676	0.48265
677	0.48378
678	0.48491
679	0.48604
680	0.48717
681	0.48818
682	0.48915
683	0.49012
684	0.49108
685	0.49205
686	0.49302
687	0.49399
688	0.49496
689	0.49593
690	0.4969
691	0.49787
692	0.49884
693	0.49981
694	0.50077
695	0.50174
696	0.5028
697	0.50393
698	0.50506
699	0.50619
700	0.50732
701	0.50845
702	0.50958
703	0.51071
704	0.5117
705	0.51267
706	0.51363
707	0.5146
708	0.51557
709	0.51654
710	0.51751
711	0.51848
712	0.51945
713	0.52042
714	0.52139
715	0.52236
716	0.52332
717	0.52429
718	0.52526
719	0.52634
720	0.52747
721	0.5286
722	0.52973
723	0.53086
724	0.53199
725	0.53312
726	0.53424
727	0.53504
728	0.53585
729	0.53666
730	0.53747
731	0.53827
732	0.53908
733	0.53989
734	0.54077
735	0.54174
736	0.54271
737	0.54368
738	0.54464
739	0.54561
740	0.54658
741	0.54755
742	0.54839
743	0.5492
744	0.55
745	0.55081
746	0.55162
747	0.55243
748	0.55323
749	0.55407
750	0.55504
751	0.55601
752	0.55698
753	0.55795
754	0.55892
755	0.55989
756	0.56086
757	0.56183
758	0.5628
759	0.56376
760	0.56473
761	0.5657
762	0.56667
763	0.56764
764	0.56861
765	0.56958
766	0.57055
767	0.57152
768	0.57249
769	0.57346
770	0.57442
771	0.57539
772	0.57636
773	0.57733
774	0.5783
775	0.57927
776	0.58024
777	0.58121
778	0.58218
779	0.58315
780	0.584
781	0.5848
782	0.58561
783	0.58642
784	0.58723
785	0.58803
786	0.58884
787	0.58965
788	0.59046
789	0.59126
790	0.59207
791	0.59288
792	0.59369
793	0.59449
794	0.5953
795	0.59611
796	0.59692
797	0.59773
798	0.59853
799	0.59934
800	0.60015
801	0.60096
802	0.60176
803	0.60257
804	0.60338
805	0.60419
806	0.60499
807	0.6058
808	0.60661
809	0.60742
810	0.60818
811	0.60883
812	0.60947
813	0.61012
814	0.61076
815	0.61141
816	0.61206
817	0.6127
818	0.61356
819	0.61453
820	0.6155
821	0.61647
822	0.61743
823	0.6184
824	0.61937
825	0.62034
826	0.62131
827	0.62228
828	0.62325
829	0.62422
830	0.62519
831	0.62616
832	0.62713
833	0.62809
834	0.62906
835	0.63003
836	0.631
837	0.63197
838	0.63294
839	0.63391
840	0.63488
841	0.63572
842	0.63653
843	0.63733
844	0.63814
845	0.63895
846	0.63976
847	0.64056
848	0.64137
849	0.64218
850	0.64299
851	0.64379
852	0.6446
853	0.64541
854	0.64622
855	0.64702
856	0.64774
857	0.64839
858	0.64903
859	0.64968
860	0.65033
861	0.65097
862	0.65162
863	0.65226
864	0.65306
865	0.65387
866	0.65468
867	0.65548
868	0.65629
869	0.6571
870	0.65791
871	0.65872
872	0.65952
873	0.66033
874	0.66114
875	0.66195
876	0.66275
877	0.66356
878	0.66437
879	0.66506
880	0.66571
881	0.66635
882	0.667
883	0.66765
884	0.66829
885	0.66894
886	0.66958
887	0.67023
888	0.67088
889	0.67152
890	0.67217
891	0.67281
892	0.67346
893	0.67411
894	0.67475
895	0.6754
896	0.67604
897	0.67669
898	0.67734
899	0.67798
900	0.67863
901	0.67927
902	0.68006
903	0.68087
904	0.68167
905	0.68248
906	0.68329
907	0.6841
908	0.6849
909	0.68571
910	0.68652
911	0.68733
912	0.68813
913	0.68894
914	0.68975
915	0.69056
916	0.69136
917	0.69217
918	0.69298
919	0.69379
920	0.69459
921	0.6954
922	0.69621
923	0.69702
924	0.69783
925	0.69863
926	0.69944
927	0.70025
928	0.70106
929	0.70186
930	0.70267
931	0.70348
932	0.70422
933	0.70487
934	0.70552
935	0.70616
936	0.70681
937	0.70745
938	0.7081
939	0.70875
940	0.70939
941	0.71004
942	0.71068
943	0.71133
944	0.71198
945	0.71262
946	0.71327
947	0.71389
948	0.71437
949	0.71486
950	0.71534
951	0.71583
952	0.71631
953	0.7168
954	0.71728
955	0.71777
956	0.71825
957	0.71874
958	0.71922
959	0.7197
960	0.72019
961	0.72067
962	0.72116
963	0.72135
964	0.72151
965	0.72167
966	0.72183
967	0.72199
968	0.72216
969	0.72232
970	0.72248
971	0.72264
972	0.7228
973	0.72296
974	0.72312
975	0.72329
976	0.72345
977	0.72361
978	0.72344
979	0.72312
980	0.7228
981	0.72247
982	0.72215
983	0.72183
984	0.7215
985	0.72114
986	0.72017
987	0.7192
988	0.71823
989	0.71726
990	0.7163
991	0.71533
992	0.71436
993	0.71317
994	0.71172
995	0.71027
996	0.70881
997	0.70736
998	0.70591
999	0.70445
1000	0.703